{
  "exportedAt": "2026-01-12T20:14:37.3469536Z",
  "templates": [
    {
      "id": 1,
      "description": "NuevaP01/01/26",
      "createdAt": "2026-01-12T19:48:32.2862748",
      "updatedAt": "2026-01-12T19:48:32.2862748",
      "configColumns": [
        {
          "id": 1,
          "configTemplateId": 1,
          "indexColumn": 1,
          "name": "Fecha",
          "nameDisplay": "Fecha",
          "description": "",
          "dataTypeId": 1,
          "columnTypeId": 1,
          "defaultValue": "",
          "createdAt": "2026-01-12T19:50:17.0926427",
          "updatedAt": "2026-01-12T19:50:17.0926427",
          "ranges": [
            {
              "id": 1,
              "configColumnId": 1,
              "rFrom": "A1",
              "rTo": "A1",
              "createdAt": "2026-01-12T19:50:31.6945659",
              "updatedAt": "2026-01-12T19:50:31.6945659"
            }
          ]
        },
        {
          "id": 2,
          "configTemplateId": 1,
          "indexColumn": 2,
          "name": "Hora",
          "nameDisplay": "Hora",
          "description": "",
          "dataTypeId": 1,
          "columnTypeId": 1,
          "defaultValue": "",
          "createdAt": "2026-01-12T19:50:42.226286",
          "updatedAt": "2026-01-12T19:50:42.226286",
          "ranges": [
            {
              "id": 2,
              "configColumnId": 2,
              "rFrom": "C1",
              "rTo": "C1",
              "createdAt": "2026-01-12T19:50:49.1433487",
              "updatedAt": "2026-01-12T19:50:49.1433487"
            }
          ]
        },
        {
          "id": 3,
          "configTemplateId": 1,
          "indexColumn": 3,
          "name": "Empresa",
          "nameDisplay": "Empresa",
          "description": "",
          "dataTypeId": 1,
          "columnTypeId": 2,
          "defaultValue": "",
          "createdAt": "2026-01-12T19:51:02.264908",
          "updatedAt": "2026-01-12T19:51:21.2343279",
          "ranges": [
            {
              "id": 3,
              "configColumnId": 3,
              "rFrom": "A6",
              "rTo": "A14",
              "createdAt": "2026-01-12T19:51:51.3839963",
              "updatedAt": "2026-01-12T19:51:51.3839963"
            },
            {
              "id": 4,
              "configColumnId": 3,
              "rFrom": "A18",
              "rTo": "A36",
              "createdAt": "2026-01-12T19:52:05.7758061",
              "updatedAt": "2026-01-12T19:52:05.7758061"
            },
            {
              "id": 5,
              "configColumnId": 3,
              "rFrom": "A39",
              "rTo": "A41",
              "createdAt": "2026-01-12T19:52:15.5687027",
              "updatedAt": "2026-01-12T19:52:15.5687027"
            },
            {
              "id": 6,
              "configColumnId": 3,
              "rFrom": "A43",
              "rTo": "A43",
              "createdAt": "2026-01-12T19:52:26.2391755",
              "updatedAt": "2026-01-12T19:52:26.2391755"
            },
            {
              "id": 7,
              "configColumnId": 3,
              "rFrom": "A45",
              "rTo": "A50",
              "createdAt": "2026-01-12T19:52:39.5705462",
              "updatedAt": "2026-01-12T19:52:39.5705462"
            },
            {
              "id": 8,
              "configColumnId": 3,
              "rFrom": "A54",
              "rTo": "A56",
              "createdAt": "2026-01-12T19:52:50.7292861",
              "updatedAt": "2026-01-12T19:52:50.7292861"
            },
            {
              "id": 9,
              "configColumnId": 3,
              "rFrom": "A58",
              "rTo": "A60",
              "createdAt": "2026-01-12T19:53:02.1289138",
              "updatedAt": "2026-01-12T19:53:02.1289138"
            },
            {
              "id": 10,
              "configColumnId": 3,
              "rFrom": "A63",
              "rTo": "A64",
              "createdAt": "2026-01-12T19:53:21.3098946",
              "updatedAt": "2026-01-12T19:53:21.3098946"
            },
            {
              "id": 11,
              "configColumnId": 3,
              "rFrom": "A66",
              "rTo": "A66",
              "createdAt": "2026-01-12T19:53:26.8487919",
              "updatedAt": "2026-01-12T19:53:26.8487919"
            }
          ]
        },
        {
          "id": 4,
          "configTemplateId": 1,
          "indexColumn": 4,
          "name": "Campos",
          "nameDisplay": "Campos",
          "description": "",
          "dataTypeId": 1,
          "columnTypeId": 2,
          "defaultValue": "",
          "createdAt": "2026-01-12T19:53:36.8427237",
          "updatedAt": "2026-01-12T19:54:21.3635382",
          "ranges": [
            {
              "id": 12,
              "configColumnId": 4,
              "rFrom": "C6",
              "rTo": "C14",
              "createdAt": "2026-01-12T19:53:36.8427237",
              "updatedAt": "2026-01-12T19:54:21.3634937"
            },
            {
              "id": 13,
              "configColumnId": 4,
              "rFrom": "C18",
              "rTo": "C36",
              "createdAt": "2026-01-12T19:53:36.8427237",
              "updatedAt": "2026-01-12T19:54:21.3635089"
            },
            {
              "id": 14,
              "configColumnId": 4,
              "rFrom": "C39",
              "rTo": "C41",
              "createdAt": "2026-01-12T19:53:36.8427237",
              "updatedAt": "2026-01-12T19:54:21.3635128"
            },
            {
              "id": 15,
              "configColumnId": 4,
              "rFrom": "C43",
              "rTo": "C43",
              "createdAt": "2026-01-12T19:53:36.8427237",
              "updatedAt": "2026-01-12T19:54:21.3635156"
            },
            {
              "id": 16,
              "configColumnId": 4,
              "rFrom": "C45",
              "rTo": "C50",
              "createdAt": "2026-01-12T19:53:36.8427237",
              "updatedAt": "2026-01-12T19:54:21.3635172"
            },
            {
              "id": 17,
              "configColumnId": 4,
              "rFrom": "C54",
              "rTo": "C56",
              "createdAt": "2026-01-12T19:53:36.8427237",
              "updatedAt": "2026-01-12T19:54:21.3635205"
            },
            {
              "id": 18,
              "configColumnId": 4,
              "rFrom": "C58",
              "rTo": "C60",
              "createdAt": "2026-01-12T19:53:36.8427237",
              "updatedAt": "2026-01-12T19:54:21.3635217"
            },
            {
              "id": 19,
              "configColumnId": 4,
              "rFrom": "C63",
              "rTo": "C64",
              "createdAt": "2026-01-12T19:53:36.8427237",
              "updatedAt": "2026-01-12T19:54:21.3635226"
            },
            {
              "id": 20,
              "configColumnId": 4,
              "rFrom": "C66",
              "rTo": "C66",
              "createdAt": "2026-01-12T19:53:36.8427237",
              "updatedAt": "2026-01-12T19:54:21.3635242"
            }
          ]
        },
        {
          "id": 5,
          "configTemplateId": 1,
          "indexColumn": 5,
          "name": "Nominacion",
          "nameDisplay": "Nominacion",
          "description": "",
          "dataTypeId": 2,
          "columnTypeId": 2,
          "defaultValue": "",
          "createdAt": "2026-01-12T19:55:03.2959203",
          "updatedAt": "2026-01-12T20:09:23.5118578",
          "ranges": [
            {
              "id": 30,
              "configColumnId": 5,
              "rFrom": "E6",
              "rTo": "GA66",
              "createdAt": "2026-01-12T19:59:36.3864517",
              "updatedAt": "2026-01-12T19:59:36.3864517"
            }
          ]
        },
        {
          "id": 6,
          "configTemplateId": 1,
          "indexColumn": 6,
          "name": "NOM",
          "nameDisplay": "NOMSC",
          "description": "",
          "dataTypeId": 2,
          "columnTypeId": 3,
          "defaultValue": "",
          "createdAt": "2026-01-12T20:00:38.593665",
          "updatedAt": "2026-01-12T20:09:48.9963348",
          "ranges": [
            {
              "id": 31,
              "configColumnId": 6,
              "rFrom": "AD6",
              "rTo": "AD66",
              "defaultValue": "Nom MI AAJV SC",
              "createdAt": "2026-01-12T20:02:22.0359813",
              "updatedAt": "2026-01-12T20:04:53.5694334"
            },
            {
              "id": 32,
              "configColumnId": 6,
              "rFrom": "AX6",
              "rTo": "AX66",
              "defaultValue": "Nom MI \u002B JV CC",
              "createdAt": "2026-01-12T20:03:40.5935722",
              "updatedAt": "2026-01-12T20:05:03.5230575"
            },
            {
              "id": 33,
              "configColumnId": 6,
              "rFrom": "BE6",
              "rTo": "BE66",
              "defaultValue": "Nom GSA PEB",
              "createdAt": "2026-01-12T20:04:13.0673823",
              "updatedAt": "2026-01-12T20:05:08.0341034"
            }
          ]
        }
      ],
      "histProcess": [
        {
          "id": 1,
          "configTemplateId": 1,
          "fileSource": "C:\\Users\\r101634\\OneDrive - Repsol\\Email attachments from Power Automate\\Nominacion YPFB\\NOMI-MIME 12-01-2026 OPERATIVA Y FEHACIENTE MODIFACADA.xlsx",
          "fileTarget": "C:\\Users\\r101634\\OneDrive - Repsol\\Documentos\\NOMI-MIME 12-01-2026 OPERATIVA Y FEHACIENTE MODIFACADA_normalizado_20260112_160617.xlsx",
          "finalStatus": "success",
          "dataProcess": "[{\u0022Level\u0022:0,\u0022Message\u0022:\u0022Iniciando procesamiento de archivo Excel\u0022,\u0022Timestamp\u0022:\u00222026-01-12T16:06:17.3278194-04:00\u0022,\u0022Details\u0022:null},{\u0022Level\u0022:0,\u0022Message\u0022:\u0022Plantilla cargada: NuevaP01/01/26 con 7 columnas\u0022,\u0022Timestamp\u0022:\u00222026-01-12T16:06:17.3293015-04:00\u0022,\u0022Details\u0022:null},{\u0022Level\u0022:0,\u0022Message\u0022:\u0022Abriendo archivo Excel...\u0022,\u0022Timestamp\u0022:\u00222026-01-12T16:06:17.3366993-04:00\u0022,\u0022Details\u0022:null},{\u0022Level\u0022:0,\u0022Message\u0022:\u0022Hoja cargada: NOMI AE\u0022,\u0022Timestamp\u0022:\u00222026-01-12T16:06:20.5265468-04:00\u0022,\u0022Details\u0022:null},{\u0022Level\u0022:0,\u0022Message\u0022:\u0022Columnas - Constantes: 3, Valores: 3, Dimensiones: 1\u0022,\u0022Timestamp\u0022:\u00222026-01-12T16:06:20.5271783-04:00\u0022,\u0022Details\u0022:null},{\u0022Level\u0022:0,\u0022Message\u0022:\u0022Leyendo 3 valores constantes\u0022,\u0022Timestamp\u0022:\u00222026-01-12T16:06:20.532606-04:00\u0022,\u0022Details\u0022:null},{\u0022Level\u0022:0,\u0022Message\u0022:\u0022  Constante \\u0027Fecha\\u0027: 12/1/2026 00:00:00\u0022,\u0022Timestamp\u0022:\u00222026-01-12T16:06:20.5372919-04:00\u0022,\u0022Details\u0022:null},{\u0022Level\u0022:0,\u0022Message\u0022:\u0022  Constante \\u0027Hora\\u0027: 06:00  a 06:00\u0022,\u0022Timestamp\u0022:\u00222026-01-12T16:06:20.5402516-04:00\u0022,\u0022Details\u0022:null},{\u0022Level\u0022:0,\u0022Message\u0022:\u0022Rango de procesamiento detectado: Filas 6 a 66\u0022,\u0022Timestamp\u0022:\u00222026-01-12T16:06:20.5443445-04:00\u0022,\u0022Details\u0022:null},{\u0022Level\u0022:0,\u0022Message\u0022:\u0022Modo: Procesamiento fila por fila (sin columnas contenedoras)\u0022,\u0022Timestamp\u0022:\u00222026-01-12T16:06:20.5513262-04:00\u0022,\u0022Details\u0022:null},{\u0022Level\u0022:0,\u0022Message\u0022:\u0022Procesando fila por fila desde 6 hasta 66\u0022,\u0022Timestamp\u0022:\u00222026-01-12T16:06:20.5518481-04:00\u0022,\u0022Details\u0022:null},{\u0022Level\u0022:0,\u0022Message\u0022:\u0022\\u2713 Procesamiento completado: 61 filas generadas\u0022,\u0022Timestamp\u0022:\u00222026-01-12T16:06:20.5564883-04:00\u0022,\u0022Details\u0022:null},{\u0022Level\u0022:0,\u0022Message\u0022:\u0022Escribiendo archivo de salida con 61 filas\u0022,\u0022Timestamp\u0022:\u00222026-01-12T16:06:20.5864184-04:00\u0022,\u0022Details\u0022:null},{\u0022Level\u0022:0,\u0022Message\u0022:\u0022\\u2713 Archivo guardado: NOMI-MIME 12-01-2026 OPERATIVA Y FEHACIENTE MODIFACADA_normalizado_20260112_160617.xlsx\u0022,\u0022Timestamp\u0022:\u00222026-01-12T16:06:20.8295876-04:00\u0022,\u0022Details\u0022:null},{\u0022Level\u0022:0,\u0022Message\u0022:\u0022\\u2713 Proceso completado exitosamente: 61 filas generadas\u0022,\u0022Timestamp\u0022:\u00222026-01-12T16:06:20.8302227-04:00\u0022,\u0022Details\u0022:null}]",
          "createdAt": "2026-01-12T20:06:20.8554993",
          "updatedAt": "2026-01-12T20:06:20.8554993"
        },
        {
          "id": 2,
          "configTemplateId": 1,
          "fileSource": "C:\\Users\\r101634\\OneDrive - Repsol\\Email attachments from Power Automate\\Nominacion YPFB\\NOMI-MIME 11-01-2026 OPE FEH.xlsx",
          "fileTarget": "C:\\Users\\r101634\\OneDrive - Repsol\\Documentos\\NOMI-MIME 11-01-2026 OPE FEH_normalizado_20260112_161057.xlsx",
          "finalStatus": "success",
          "dataProcess": "[{\u0022Level\u0022:0,\u0022Message\u0022:\u0022Iniciando procesamiento de archivo Excel\u0022,\u0022Timestamp\u0022:\u00222026-01-12T16:10:57.628096-04:00\u0022,\u0022Details\u0022:null},{\u0022Level\u0022:0,\u0022Message\u0022:\u0022Plantilla cargada: NuevaP01/01/26 con 6 columnas\u0022,\u0022Timestamp\u0022:\u00222026-01-12T16:10:57.6290132-04:00\u0022,\u0022Details\u0022:null},{\u0022Level\u0022:0,\u0022Message\u0022:\u0022Abriendo archivo Excel...\u0022,\u0022Timestamp\u0022:\u00222026-01-12T16:10:57.6291966-04:00\u0022,\u0022Details\u0022:null},{\u0022Level\u0022:0,\u0022Message\u0022:\u0022Hoja cargada: NOMI AE\u0022,\u0022Timestamp\u0022:\u00222026-01-12T16:10:58.5205778-04:00\u0022,\u0022Details\u0022:null},{\u0022Level\u0022:0,\u0022Message\u0022:\u0022Columnas - Constantes: 2, Valores: 3, Dimensiones: 1\u0022,\u0022Timestamp\u0022:\u00222026-01-12T16:10:58.5209694-04:00\u0022,\u0022Details\u0022:null},{\u0022Level\u0022:0,\u0022Message\u0022:\u0022Leyendo 2 valores constantes\u0022,\u0022Timestamp\u0022:\u00222026-01-12T16:10:58.52494-04:00\u0022,\u0022Details\u0022:null},{\u0022Level\u0022:0,\u0022Message\u0022:\u0022  Constante \\u0027Fecha\\u0027: 11/1/2026 00:00:00\u0022,\u0022Timestamp\u0022:\u00222026-01-12T16:10:58.528985-04:00\u0022,\u0022Details\u0022:null},{\u0022Level\u0022:0,\u0022Message\u0022:\u0022  Constante \\u0027Hora\\u0027: 06:00  a 06:00\u0022,\u0022Timestamp\u0022:\u00222026-01-12T16:10:58.5320185-04:00\u0022,\u0022Details\u0022:null},{\u0022Level\u0022:0,\u0022Message\u0022:\u0022Rango de procesamiento detectado: Filas 6 a 66\u0022,\u0022Timestamp\u0022:\u00222026-01-12T16:10:58.5357654-04:00\u0022,\u0022Details\u0022:null},{\u0022Level\u0022:0,\u0022Message\u0022:\u0022Modo: Procesamiento con 1 columnas contenedoras\u0022,\u0022Timestamp\u0022:\u00222026-01-12T16:10:58.5383981-04:00\u0022,\u0022Details\u0022:null},{\u0022Level\u0022:0,\u0022Message\u0022:\u0022Procesando rango contenedor E6 a GA66 para columna \\u0027Nominacion\\u0027\u0022,\u0022Timestamp\u0022:\u00222026-01-12T16:10:58.5411625-04:00\u0022,\u0022Details\u0022:null},{\u0022Level\u0022:0,\u0022Message\u0022:\u0022\\u2713 Procesamiento completado: 1624 filas generadas\u0022,\u0022Timestamp\u0022:\u00222026-01-12T16:10:58.5566204-04:00\u0022,\u0022Details\u0022:null},{\u0022Level\u0022:0,\u0022Message\u0022:\u0022Escribiendo archivo de salida con 1624 filas\u0022,\u0022Timestamp\u0022:\u00222026-01-12T16:10:58.5681177-04:00\u0022,\u0022Details\u0022:null},{\u0022Level\u0022:0,\u0022Message\u0022:\u0022\\u2713 Archivo guardado: NOMI-MIME 11-01-2026 OPE FEH_normalizado_20260112_161057.xlsx\u0022,\u0022Timestamp\u0022:\u00222026-01-12T16:10:58.7215704-04:00\u0022,\u0022Details\u0022:null},{\u0022Level\u0022:0,\u0022Message\u0022:\u0022\\u2713 Proceso completado exitosamente: 1624 filas generadas\u0022,\u0022Timestamp\u0022:\u00222026-01-12T16:10:58.7229957-04:00\u0022,\u0022Details\u0022:null}]",
          "createdAt": "2026-01-12T20:10:58.7246123",
          "updatedAt": "2026-01-12T20:10:58.7246123"
        }
      ]
    }
  ]
}